1	Range rover and the range rover sport- price differences and overall value
2	Range rover and the range rover sport- seating capacity and cargo space
3	Range rover and the range rover sport- overall driving and agility
4	Range rover and the range rover sport- safety features
5	date and location of the first battle of bull run
6	date and location of the second battle of bull run
7	maturity timeline of rabbits
8	physical growth of rabbits
9	sexual maturity of rabbit
10	best season to fish with a crawfish color bait
11	water conditions to fish with crawfish color bait
12	how to calculate lbm
13	components of lean body mass
14	definition of lbm in body composition
15	operational effect of oil pollution act of 1990 on oil companies
16	financial effect of oil pollution act of 1990 on oil companies
17	how expensive is tourism in bangkok
18	how expensive is life in bangkok
19	transportation costs in bangkok
20	necessary documentation for newborn medicaid enrollment
21	steps necessary to get baby submitted for medicaid
22	eligibility criteria of medicaid for newborns
23	available vaccinations for show piglets
24	essential vaccination for show piglets
25	recommended vaccinations for show piglets
26	non-essential vaccination for show piglets
27	how to handle heart of palm after harvesting
28	recipes that include heart of palm
29	nutritional value of heart of palm
30	origin and foundation of radio free europe
31	geographical regions served by radio free europe
32	Impact and outcome of Radio Free Europe
33	best time of day for whale watching in massachusetts
34	best season for whale watching in massachusetts
35	best season for whale watching in massachusetts on boats
36	compare bench trial and jury trial
37	define divorce bench trial
38	strategies to manage a possessive partner
39	consequences of staying in a relationship with a possessive partner
40	exploring options for leaving a possessive partner
41	examples of prior restraint
42	implications of prior restraint
43	definition of prior restraint
44	people considering moving to canada due to trump
45	celebrities considering leaving the us due to trump
46	saturn v- cost of maintenance
47	saturn v- total cost
48	saturn v- launch cost
49	saturn v- cost of construction
50	what's the current composition of the US cabinet
51	what are the parts of executive branch
52	what are the departments under executive branch
53	nba basketball- stadium attendence numbers
54	nba basketball- total viewership numbers
55	nba basketball- change in viewership
56	nba basketball- tv viewership numbers
57	what services does the number 311 provide
58	when to call 311
59	Availability of 311 services in different cities
60	treatment options for jammed finger
61	when to seek medical advice for jammed finger
62	what does the methylmalon a. c test detect
63	what is the methylmalon a. c test used to diagnose
64	how is the methylmalon a. c test performed
65	(practical) examples of cold bridging
66	how to prevent cold bridging
67	define cold bridging
68	policies and initiatives supported by london breed
69	who is london breed
